name,thermal_time_initiation,allocation_priority,max_size,initial_size,rate
canopy,0,1,27.42123019,0.013215724,0.004317336
root,10,2,15,0.013215724,0.004317336
storage,400,3,22,0.013215724,0.004317336