name,thermal_time_initiation,max_size,initial_size,rate,carbon_allocation_priority
RP1,0,27.42123019,0.013215724,0.004317336,1
RP2,200,27.42123019,0.013215724,0.004317336,2